ID,left,spell,right,book,type
1,"Harry's wand, tapped the lock, and whispered, '",ALOHOMORA,"!"" The lock clicked and the door swung open --",1 Philosophers Stone,charm
2,"next table, wasn't having much more luck. """,WINGARDIUM LEVIOSA,"!"" he shouted, waving his long arms like",1 Philosophers Stone,charm
3,"of her gown, flicked her wand, and said, """,WINGARDIUM LEVIOSA,"!"" Their feather rose off the desk and",1 Philosophers Stone,charm
4,"the first spell that came into his head: """,WINGARDIUM LEVIOSA,"!"" The club flew suddenly out of the",1 Philosophers Stone,charm
6,", really sorry about this."" She raised her wand. """,PETRIFICUS TOTALUS,"!"" she cried, pointing it at Neville. Neville'",1 Philosophers Stone,attack
8,"and pointed them at their opponent; Snape cried: """,EXPELLIARMUS,"!"" There was a dazzling flash of scarlet light",2 Chamber of Secrets,defensive
9,"pointed his wand straight at Malfoy and shouted, """,RICTUSEMPRA,"!"" A jet of silver light hit Malfoy in",2 Chamber of Secrets,attack
10,"temper. He pulled out his wand and shouted, """,EXPELLIARMUS,"!"" and just as Snape had disarmed Lockhart, so",2 Chamber of Secrets,defensive
11,"camore tree. Harry took out his wand, murmured, """,LUMOS,"!"" and a tiny light appeared at the end",2 Chamber of Secrets,charm
12,"hart had barely raised his, when Harry bellowed, """,EXPELLIARMUS,"!"" Lockhart was blasted backward, falling over hi",2 Chamber of Secrets,defensive
13,"them turned to stare into the darkness ahead. """,LUMOS,"!"" Harry muttered to his wand and it lit",2 Chamber of Secrets,charm
14,"Spellotaped wand high over his head and yelled, """,OBLIVIATE,"!"" The wand exploded with the force of a",2 Chamber of Secrets,charm
15,"was just a stray cat or -- something else. """,LUMOS,","" Harry muttered, and a light appeared at the",3 Prisoner of Azkaban,charm
16,"e charm without wands first. After me, please ...",RIDDIKULUS,"!"" ""Riddikulus!"" said the class together. ""Good,",3 Prisoner of Azkaban,defensive
17,"wands first. After me, please ... Riddikulus!"" """,RIDDIKULUS,"!"" said the class together. ""Good,"" said Professo",3 Prisoner of Azkaban,defensive
18,You will raise your wand -- thus -- and cry ',RIDDIKULUS, -- and concentrate hard on your grandmother's cl,3 Prisoner of Azkaban,defensive
19,"upon him, reaching inside his robes. ""R -- r --",RIDDIKULUS,"! ""squeaked Neville. There was a noise like a",3 Prisoner of Azkaban,defensive
20,"ly, dragging its feet, its stiff arms rising -- """,RIDDIKULUS,"!"" cried Parvati. A bandage unraveled at the mumm",3 Prisoner of Azkaban,defensive
21,hair on Harry's head stand on end -- ',RIDDIKULUS,"!"" shouted Seamus. The banshee made a rasping noi",3 Prisoner of Azkaban,defensive
22,"to creep along the floor like a crab. """,RIDDIKULUS,"!"" yelled Dean. 'There was a snap, and the",3 Prisoner of Azkaban,defensive
23,"a moment, Harry thought Ron had frozen. Then -- """,RIDDIKULUS,"!"" bellowed Ron, and the spider's legs vanished;",3 Prisoner of Azkaban,defensive
24,"the air in front of Lupin, who said, """,RIDDIKULUS,"!"" almosi lazily. Crack! ""Forward, Neville, and",3 Prisoner of Azkaban,defensive
25,"ime Neville charged forward looking determined. """,RIDDIKULUS,"!"" he shouted, and they had a split second'",3 Prisoner of Azkaban,defensive
26,", Hermione tapped them with her wand and said, """,IMPERVIUS,"!"" ""There!"" she said, handing them back to Harry.",3 Prisoner of Azkaban,charm
27,"pitch dark. He held up his wand, muttered, """,LUMOS,"! "" and saw that he was in a very",3 Prisoner of Azkaban,charm
28,"ncantation is this --"" Lupin cleared his throat. """,EXPECTO PATRONUM,"!"" ""Expecto patronum, "" Harry repeated under his",3 Prisoner of Azkaban,defensive
29,""" Lupin cleared his throat. ""Expecto patronum!"" """,EXPECTO PATRONUM,", "" Harry repeated under his breath, ""expecto patr",3 Prisoner of Azkaban,defensive
30,"cto patronum, "" Harry repeated under his breath, """,EXPECTO PATRONUM,"."" ""Concentrating hard on your happy memory?"" ""O",3 Prisoner of Azkaban,defensive
31,"ide. ""Expecto patrono -- no, patronum -- sorry --",EXPECTO PATRONUM,", expecto patronum"" Something whooshed suddenly o",3 Prisoner of Azkaban,defensive
32,"ono -- no, patronum -- sorry -- expecto patronum,",EXPECTO PATRONUM,Something whooshed suddenly out of the end,3 Prisoner of Azkaban,defensive
34,"e over him -- ""Expecto patronum!"" Harry yelled. """,EXPECTO PATRONUM,"! Expecto --"" But the classroom and the dementor",3 Prisoner of Azkaban,defensive
35,"; one rotting hand was extending toward Harry - """,EXPECTO PATRONUM,"!"" Harry yelled. ""Expecto patronum! Expecto Pat --",3 Prisoner of Azkaban,defensive
36,"oward Harry - ""Expecto patronum!"" Harry yelled. """,EXPECTO PATRONUM,"! Expecto Pat --"" White fog obscured his senses..",3 Prisoner of Azkaban,defensive
37,of it; the room fell cold and dark ',EXPECTO PATRONUM,"!"" Harry bellowed. ""EXPECTO PATRONUM! EXPECTO PATR",3 Prisoner of Azkaban,defensive
38,"ld and dark 'EXPECTO PATRONUM!"" Harry bellowed. """,EXPECTO PATRONUM,"! EXPECTO PATRONUM! "" The screaming inside Harry'",3 Prisoner of Azkaban,defensive
39,"CTO PATRONUM!"" Harry bellowed. ""EXPECTO PATRONUM!",EXPECTO PATRONUM,"! "" The screaming inside Harry's head had",3 Prisoner of Azkaban,defensive
40,"for how much longer, he wasn't sure -- """,RIDDIKULUS,"!"" roared Lupin, springing forward. There was a l",3 Prisoner of Azkaban,defensive
41,"pointed. Ron pulled out his wand and muttered, """,LUMOS,"!"" A beam of light fell across the grass,",3 Prisoner of Azkaban,charm
42,"robes, he whipped out his wand and roared, """,EXPECTO PATRONUM,"!"" Something silver-white, something enormous, er",3 Prisoner of Azkaban,defensive
43,"his wand, blinking blood out of his eyes """,LUMOS,"!""he whispered. The wandlight showed him the trun",3 Prisoner of Azkaban,charm
44,"agged upstairs. They reached the dark landing. """,NOX,","" they whispered together, and the lights at the",3 Prisoner of Azkaban,charm
45,"bared in a grin. It was Sirius Black. """,EXPELLIARMUS,"!""he croaked, pointing Ron's wand at them.",3 Prisoner of Azkaban,defensive
46,"himself, crumpled and bleeding at Harry's feet. """,EXPELLIARMUS,"!"" Lupin shouted. Harry's wand flew once more",3 Prisoner of Azkaban,defensive
47,"step toward him, he had raised his wand. """,EXPELLIARMUS,"!"" he yelled -- except that his wasn't the",3 Prisoner of Azkaban,defensive
48,"and back to the earth in a heap. """,EXPELLIARMUS,"."" Harry yelled, pointing his own wand at Pettigre",3 Prisoner of Azkaban,defensive
49,"Black, and only Black, and began to chant: """,EXPECTO PATRONUM,"! Expecto patronum!"" Black gave a shudder, rolled",3 Prisoner of Azkaban,defensive
50,"nly Black, and began to chant: ""Expecto patronum!",EXPECTO PATRONUM,"!"" Black gave a shudder, rolled over, and",3 Prisoner of Azkaban,defensive
51,"m going to go and live with him. """,EXPECTO PATRONUM,"! Hermione, help me! Expecto patronum!"" ""Expecto",3 Prisoner of Azkaban,defensive
52,"with him. ""Expecto patronum! Hermione, help me!",EXPECTO PATRONUM,"!"" ""Expecto --"" Hermione whispered, ""expecto -- e",3 Prisoner of Azkaban,defensive
53,"Harry and Hermione, and were getting closer.... """,EXPECTO PATRONUM,"!"" Harry yelled, trying to blot the screaming",3 Prisoner of Azkaban,defensive
54,", trying to blot the screaming from his ears. """,EXPECTO PATRONUM,"!"" A thin wisp of silver escaped his",3 Prisoner of Azkaban,defensive
55,"He was alone... completely alone.... ""Expecto --",EXPECTO PATRONUM,"--"" Harry felt his knees hit the cold",3 Prisoner of Azkaban,defensive
56,"-- no --"" Harry gasped. ""He's innocent... expecto",EXPECTO PATRONUM,"--"" He could feet them watching him, hear",3 Prisoner of Azkaban,defensive
57,fog was blinding him. He had to fight...,EXPECTO PATRONUM,... he couldn't see... and in the,3 Prisoner of Azkaban,defensive
58,"the distance, he heard the familiar screaming...",EXPECTO PATRONUM,"... he groped in the mist for Sirius,",3 Prisoner of Azkaban,defensive
59,"behind the bush and pulled out his wand. """,EXPECTO PATRONUM,"! ""he yelled. And out of the end",3 Prisoner of Azkaban,defensive
60,"of Harry's robes with her left hand. """,ALOHOMORA,"!"" The window sprang open. ""How -- how --?"" said",3 Prisoner of Azkaban,charm
61,"Dursleys draw back against the wall as one. """,INCENDIO,"!"" said Mr. Weasley, pointing his wand at the",4 Goblet of Fire,charm
62,"her wand at George's pocket and said, """,ACCIO,"!"" Several small, brightly colored objects zoomed",4 Goblet of Fire,charm
63,"that Mrs. Weasley managed to find them all. """,ACCIO,"! Accio! Accio!"" she shouted, and toffees zoomed f",4 Goblet of Fire,charm
64,"Mrs. Weasley managed to find them all. ""Accio!",ACCIO,"! Accio!"" she shouted, and toffees zoomed from all",4 Goblet of Fire,charm
65,"Weasley managed to find them all. ""Accio! Accio!",ACCIO,"!"" she shouted, and toffees zoomed from all sorts",4 Goblet of Fire,charm
66,"air next to Mr. Roberts's front door. """,OBLIVIATE,"!"" he said sharply, pointing his wand at Mr.",4 Goblet of Fire,charm
67,", directed it at his own throat, and said """,SONORUS,"!"" and then spoke over the roar of sound",4 Goblet of Fire,charm
68,". ""Ron, where are you? Oh this is stupid -",LUMOS,"!"" She illuminated her wand and directed its narr",4 Goblet of Fire,charm
69,"panicked shout, but what sounded like a spell. """,MORSMORDRE,"!"" And something vast, green, and glittering erup",4 Goblet of Fire,charm
70,"two and pulled them down onto the ground. """,STUPEFY,"!"" roared twenty voices - there was a blinding ser",4 Goblet of Fire,attack
71,"oachfully, and she pulled out her wand, muttered """,REPARO,"!"" and the glass shards flew back into a",4 Goblet of Fire,defensive
72,"then pointed his wand at it and muttered, """,IMPERIO,"!"" The spider leapt from Moody's hand on",4 Goblet of Fire,forbidden curse
73,","" he said, pointing his wand at the spider. """,ENGORGIO,"!"" The spider swelled. It was now larger than",4 Goblet of Fire,charm
74,"again, pointed it at the spider, and muttered, """,CRUCIO,"!"" At once, the spider's legs bent in",4 Goblet of Fire,forbidden curse
75,"the air. ""Yes?"" said Moody, looking at her. """,AVADA KEDAVRA,","" Hermione whispered. Several people looked unea",4 Goblet of Fire,forbidden curse
76,"his lopsided mouth. ""Yes, the last and worst.",AVADA KEDAVRA,". .. the Killing Curse."" He put his hand",4 Goblet of Fire,forbidden curse
77,", and Harry felt a sudden thrill of foreboding. """,AVADA KEDAVRA,"!"" Moody roared. There was a flash of",4 Goblet of Fire,forbidden curse
78,"present and listened to what Moody was saying. """,AVADA KEDAVRA,s a curse that needs a powerful,4 Goblet of Fire,forbidden curse
79,"ass jumped again. ""Now. . . those three curses -",AVADA KEDAVRA,", Imperius, and Cruciatus - are known as the",4 Goblet of Fire,forbidden curse
80,"stuff, Moody, doesn't he? When he did",AVADA KEDAVRA,", the way that spider just died, just",4 Goblet of Fire,forbidden curse
81,"of the dragon keepers pull out his wand. """,STUPEFY,"!"" they shouted in unison, and the Stunning Spells",4 Goblet of Fire,attack
82,"pulled out his wand, and took careful aim. """,DIFFINDO,"!"" Cedric's bag split. Parchment, quills, and boo",4 Goblet of Fire,charm
83,"dragon. Right..."" He raised his wand once more. """,ACCIO,"Dictionary!"" The heavy book soared out of Hermio",4 Goblet of Fire,charm
84,"was his only chance. He raised his wand. """,ACCIO,"Firebolt!"" he shouted. Harry waited, every fiber",4 Goblet of Fire,charm
85,"pression of dawning comprehension on his face -""",ACCIO,"Parchment!"" The map flew up into the air,",4 Goblet of Fire,charm
86,"stay there all night if he had to. ... """,LUMOS,","" Harry whispered fifteen minutes later as he ope",4 Goblet of Fire,charm
87,"he had done at the World Cup, said, """,SONORUS,"!"" and his voice boomed out across the dark",4 Goblet of Fire,charm
88,"robes, and were attempting to drag him down. """,RELASHIO,"!"" Harry shouted, except that no sound came out. .",4 Goblet of Fire,attack
89,"ey were definitely somewhere around here. ..."" """,LUMOS,","" Dumbledore said, lighting his wand and holding",4 Goblet of Fire,charm
90,"of the chair. It was pointing at Wormtail. """,CRUCIO,"!"" said the cold voice. Wormtail screamed, scream",4 Goblet of Fire,forbidden curse
91,"now pointed his wand at his throat, muttered, """,SONORUS,","" and his magically magnified voice echoed into t",4 Goblet of Fire,charm
92,"erwater again. He pulled out his wand, muttered, """,LUMOS,","" and heard Cedric do the same just behind",4 Goblet of Fire,charm
93,"Ron and Hermione, raised his wand, and cried, """,EXPECTO PATRONUM,"!"" A silver stag erupted from the end",4 Goblet of Fire,defensive
94,"of his silver Patronus, ""You're a boggart!",RIDDIKULUS,"!"" There was a loud crack, and the shape-",4 Goblet of Fire,defensive
95,"Harry's wand, which he pointed at it. """,STUPEFY,"!"" The spell hit the skrewt's armor and",4 Goblet of Fire,attack
96,"from its end and flew forward toward him. """,IMPEDIMENTA,"!"" Harry yelled. The spell hit the skrewt's",4 Goblet of Fire,attack
97,"staggered back a few paces and fell over. """,IMPEDIMENTA,"!"" The skrewt was inches from him when it",4 Goblet of Fire,attack
98,"doing?"" And then Harry heard Krum's voice. """,CRUCIO,"!"" The air was suddenly full of Cedric's",4 Goblet of Fire,forbidden curse
99,"looked up. Krum turned and began to run. """,STUPEFY,"!"" Harry yelled. The spell hit Krum in the",4 Goblet of Fire,attack
100,"path and began to bear down upon Cedric. """,STUPEFY,"!"" Harry yelled; the spell hit the spider's",4 Goblet of Fire,attack
101,"ked, scuttled around, and ran at Harry instead. """,STUPEFY,"! Impedimenta! Stupefy!"" But it was no use - the",4 Goblet of Fire,attack
102,"tled around, and ran at Harry instead. ""Stupefy!",IMPEDIMENTA,"! Stupefy!"" But it was no use - the spider",4 Goblet of Fire,attack
103,"and ran at Harry instead. ""Stupefy! Impedimenta!",STUPEFY,"!"" But it was no use - the spider was",4 Goblet of Fire,attack
104,"excruciating pain. He could hear Cedric yelling """,STUPEFY,"!"" too, but his spell had no more effect",4 Goblet of Fire,attack
105,"spider opened its pincers once more and shouted """,EXPELLIARMUS,"!"" It worked - the Disarming Spell made the spide",4 Goblet of Fire,defensive
106,"he had done with the skrewt, and shouted """,STUPEFY,!''just as Cedric yelled the same thing. The,4 Goblet of Fire,attack
107,"voice, which screeched the words to the night: """,AVADA KEDAVRA,"!"" A blast of green light blazed through",4 Goblet of Fire,forbidden curse
108,"Voldemort began to laugh. He raised his wand. """,CRUCIO,"!"" The Death Eater on the ground writhed and",4 Goblet of Fire,forbidden curse
109,"turned to face Harry. He raised his wand. """,CRUCIO,"!"" It was pain beyond anything Harry had ever",4 Goblet of Fire,forbidden curse
110,"he had learned there was the Disarming Spell, """,EXPELLIARMUS,. . . and what use would it be to deprive,4 Goblet of Fire,defensive
113,"Harry shouted, ""Expelliarmus!"" Voldemort cried, """,AVADA KEDAVRA,"!"" A jet of green light issued from",4 Goblet of Fire,forbidden curse
114,"tightly, he dashed out from behind the angel -""",IMPEDIMENTA,"!"" he bellowed, pointing his wand wildly over his",4 Goblet of Fire,attack
115,"into a smile, saw him raise his wand. """,ACCIO,"!"" Harry yelled, pointing his wand at the Triwizar",4 Goblet of Fire,charm
116,"; Harry plunged his own hand into his robes -""",STUPEFY,"!"" There was a blinding flash of red light,",4 Goblet of Fire,attack
117,ground like spiders. 'Where's - wand - come on -,LUMOS,"!' He said the spell automatically, desperate f",5 Order of the Phoenix,charm
118,"Stumbling backwards, Harry raised his wand. '",EXPECTO PATRONUM,!' A silvery wisp of vapour shot from,5 Order of the Phoenix,defensive
119,him. A rushing noise filled Harry's ears. ',EXPECTO PATRONUM,!' His voice sounded dim and distant. Another,5 Order of the Phoenix,defensive
120,into his mind as he fought for breath. ',EXPECTO PATRONUM,!' An enormous silver stag erupted from the,5 Order of the Phoenix,defensive
121,"oice, this one completely unfamiliar, a woman's. '",LUMOS,".' A wand-tip flared, illuminating the hall wit",5 Order of the Phoenix,charm
122,.' She pointed her wand at Hedwig's cage. ',SCOURGIFY,".' A few feathers and droppings vanished. Well, th",5 Order of the Phoenix,charm
123,"? Both buttocks still on? OK, let's go.",LOCOMOTOR,trunk.' Harry's trunk rose a few inches,5 Order of the Phoenix,charm
124,of weapon?' said Harry. 'Something worse than the,AVADA KEDAVRA,- ?' That's enough!' Mrs Weasley spoke from,5 Order of the Phoenix,forbidden curse
125,there can't be anything worse than the,AVADA KEDAVRA,"Curse, can there?' said Ron. 'What's",5 Order of the Phoenix,forbidden curse
126,s - 'Mrs Weasley?' Harry croaked. 'R - r -,RIDDIKULUS,"!' Mrs Weasley sobbed, pointing her shaking wand a",5 Order of the Phoenix,defensive
127,pty. Mrs Weasley sobbed harder than ever. 'R -,RIDDIKULUS,!' she sobbed again. Crack. Mr Weasley's bod,5 Order of the Phoenix,defensive
128,his face. 'No!' Mrs Weasley moaned. 'No . . .,RIDDIKULUS,! Riddikulus! RID-DIKULUS!' Crack. Dead twins.,5 Order of the Phoenix,defensive
129,No!' Mrs Weasley moaned. 'No . . . riddikulus!,RIDDIKULUS,! RID-DIKULUS!' Crack. Dead twins. Crack. Dead,5 Order of the Phoenix,defensive
130,"own wand, he said, very firmly and clearly: '",RIDDIKULUS,!' Harry's body vanished. A silvery orb hung,5 Order of the Phoenix,defensive
131,of all this.' She pulled out her wand. ',SCOURGIFY,!' The Stinksap vanished. 'Sorry.' said Nevi,5 Order of the Phoenix,charm
132,bowl on the floor. Ron nodded and left. ',REPARO,",' Harry muttered, pointing his wand at the broken",5 Order of the Phoenix,defensive
133,hopefully towards the other side of the table - ',ACCIO,!' - and it zoomed gloomily back into his hand.,5 Order of the Phoenix,charm
134,n balloon and emitted a high-pitched whistle. ',SILENCIO,"!' said Hermione hastily, pointing her wand at Har",5 Order of the Phoenix,charm
135,"not stupid, he knows she nearly got him.",SILENCIO,.' The large and ugly raven in front of,5 Order of the Phoenix,charm
136,front of him let out a derisive caw. ',SILENCIO,. SILENCIO!' The raven cawed more loudly. 'I,5 Order of the Phoenix,charm
137,of him let out a derisive caw. 'Silencio.,SILENCIO,!' The raven cawed more loudly. 'It's the,5 Order of the Phoenix,charm
138,and replacing it with her own fat bullfrog. ',SILENCIO,!' The raven continued to open and close its,5 Order of the Phoenix,charm
139,"Oh - oh, right,' said Ron, very flustered. 'Er -",SILENCIO,!' He jabbed at the bullfrog so hard he,5 Order of the Phoenix,charm
140,"his wand, tapped h s glasses and said, '",IMPERVIUS,"!' 'I think we all ought to try that,'",5 Order of the Phoenix,charm
141,; visibility was still very poor even with the,IMPERVIUS,Charm; light was fading fast and curtains of,5 Order of the Phoenix,charm
142,"thinking, the first thing we should do is",EXPELLIARMUS,", you know, the Disarming Charm. I know it'",5 Order of the Phoenix,defensive
143,and folding his arms. 'I don't think,EXPELLIARMUS,is exactly going to help us against You-,5 Order of the Phoenix,defensive
144,- ' The room was suddenly full of shouts of,EXPELLIARMUS,. Wands flew in all directions; missed spells hit,5 Order of the Phoenix,defensive
145,nce as their feeble spell whooshed over them. ',EXPELLIARMUS,"! said Neville, and Harry, caught unawares, tell h",5 Order of the Phoenix,defensive
146,He blew his whistle; everybody stopped shouting ',EXPELLIARMUS, and the last couple of wands clattered to,5 Order of the Phoenix,defensive
147,care. Not until somebody in the vicinity yelled ',IMPEDIMENTA,!' and he was knocked over backwards by the,5 Order of the Phoenix,attack
148,room was soon full of intermittent cries of ',IMPEDIMENTA,"!' People froze for a minute or so, during",5 Order of the Phoenix,attack
149,"his desk. He raised his wand and murmured, '",PORTUS,"!' For a moment the kettle trembled, glowing with",5 Order of the Phoenix,charm
150,all have a drink while we're waiting.,ACCIO,Butterbeer!' He raised his wand as he spoke,5 Order of the Phoenix,charm
151,"door of the Janus Thickey Ward and muttered, '",ALOHOMORA,.' The door swung open and she led the,5 Order of the Phoenix,charm
152,g fainter . . . Harry raised his own wand. ',PROTEGO,"!' Snape staggered - his wand flew upwards, awa",5 Order of the Phoenix,defensive
153,g within was swirling in its draining potion. ',REPARO,",' hissed Snape, and the jar sealed itself at",5 Order of the Phoenix,charm
154,", his wand held out before him; he squeaked '",LOCOMOTOR,trunks!' and Professor Trelawney's luggage rose i,5 Order of the Phoenix,charm
155,all over the school unless we do something -,STUPEFY,!' A jet of red light shot out of,5 Order of the Phoenix,attack
156,ase remain seated while I collect your parchment!,ACCIO,!' Over a hundred rolls of parchment zoomed int,5 Order of the Phoenix,charm
157,"was halfway into the air when James shouted, '",EXPELLIARMUS,!' Snape's wand flew twelve feet into the,5 Order of the Phoenix,defensive
158,him. Sirius let out a bark of laughter. ',IMPEDIMENTA,"!' he said, pointing his wand at Snape, who",5 Order of the Phoenix,attack
159,"ed. 'Wash out your mouth,' said James coldly. '",SCOURGIFY,!' Pink soap bubbles streamed from Snape's mout,5 Order of the Phoenix,charm
160,"to his feet, wand up, but Sirius said, '",PETRIFICUS TOTALUS,"!' and Snape keeled over again, rigid as",5 Order of the Phoenix,attack
161,"d, they raised their wands and said together: '",ACCIO,brooms!' Harry heard a loud crash somewhere in,5 Order of the Phoenix,charm
162,"folded, causing the cup to crack into two. '",REPARO,",' said Hermione quickly, mending Ron's cup with",5 Order of the Phoenix,charm
163,her back on her feet. They both murmured ',LUMOS,/' and their wand-tips ignited. Hagrid's face,5 Order of the Phoenix,charm
164,ly at Umbridge and imagined her being sacked. ',EXPECTO PATRONUM,!' His silver stag erupted from the end,5 Order of the Phoenix,defensive
165,"own arm . . . heard the high, cold voice say '",CRUCIO,!' The man on the floor let out a,5 Order of the Phoenix,forbidden curse
166,"have been on an ordinary door and said, '",ALOHOMORA,!' Nothing happened. 'Sirius's knife!' said,5 Order of the Phoenix,charm
167,his mouth when the female Death Eater shrieked: ',ACCIO,proph- Harry was just ready for her: he,5 Order of the Phoenix,charm
168,- Harry was just ready for her: he shouted ',PROTEGO," before she had finished her spell, and though",5 Order of the Phoenix,defensive
169,"y. Five different voices behind him bellowed, '",REDUCTO,!' Five curses flew in five different directions a,5 Order of the Phoenix,attack
170,"him by the shoulder; he: heard Hermione shout, '",STUPEFY,!' The hand released him at once - ' They were,5 Order of the Phoenix,attack
171,hold before slamming the door behind them - ' ',COLLOPORTUS,!' gasped Hermione and the door sealed itself with,5 Order of the Phoenix,charm
172,rmed shut. 'Stand aside!' said a rough voice. ',ALOHOMORA,"!' As the door flew open, Harry, Hermione and",5 Order of the Phoenix,charm
173,"wand out from under the desk, he shouted, '",STUPEFY,!' A jet of red light hit the nearest,5 Order of the Phoenix,attack
174,"wand wildly at the struggling pair, he cried: '",EXPELLIARMUS,!' Both Harry's and the Death Eater's,5 Order of the Phoenix,defensive
175,deways as Neville took aim again and shouted: ',STUPEFY,!' The jet of red light flew right over,5 Order of the Phoenix,attack
176,off with his free hand and shouted: 'STUP-' ',STUPEFY,"!' screamed Hermione, who had just caught up with",5 Order of the Phoenix,attack
177,lying inside the jar full of glittering wind. ',ACCIO,wand!' cried Hermione. Harry's wand flew from,5 Order of the Phoenix,charm
178,"nside. With a cry of triumph, both yelled: '",IMPEDIMENTA,".' Harry, Hermione and Neville were all knocked",5 Order of the Phoenix,attack
179,ath Eater nearest Harry. 'IN AN OFFICE OFF -' ',SILENCIO,!' cried Hermione and the man's voice was,5 Order of the Phoenix,charm
180,was thrust aside by his fellow Death Eater. ',PETRIFICUS TOTALUS,"!' shouted Harry, as the second Death Eater",5 Order of the Phoenix,attack
181,in time to slam the door against Bellatrix. ',COLLOPORTUS,"!' shouted Harry, and he heard three bodies slam",5 Order of the Phoenix,charm
182,in his haste to reach the next door: ',COLLOPORTUS,!' There were footsteps running along behind th,5 Order of the Phoenix,charm
183,"tank. 'Honest, Harry, they're brains - look -",ACCIO,brain!' The scene seemed momentarily frozen. H,5 Order of the Phoenix,charm
184,tight against him like an octopus's body. ',DIFFINDO,"!' yelled Harry, trying to sever the feelers wrapp",5 Order of the Phoenix,charm
185,"ID DO DEM, HARRY!' Bellatrix raised her wand. '",CRUCIO,"!' Neville screamed, his legs drawn up to his",5 Order of the Phoenix,forbidden curse
186,Harry whirled around to face him and gasped: ',STUPEFY,!' The Death Eater keeled over backwards and hi,5 Order of the Phoenix,attack
187,"had used on Hermione just as Harry yelled, '",PROTEGO,!' Harry felt something streak across his face,5 Order of the Phoenix,defensive
188,of the spell. Dolohov raised his wand again. ',ACCIO,"proph-' Sirius had hurtled out of nowhere, ram",5 Order of the Phoenix,charm
189,"Harry and Hermione. Springing up, Harry yelled, '",PETRIFICUS TOTALUS,"!' Once again, Dolohov's arms and legs",5 Order of the Phoenix,attack
190,"own wand back over his shoulder and yelled, '",IMPEDIMENTA,!' Malfoy was blasted off his back. As Harry,5 Order of the Phoenix,attack
191,"their long coloured tentacles, but he shouted, \""",WINGARDIUM LEVIOSA,!' and they flew off him up into,5 Order of the Phoenix,charm
192,"mself out from behind the fountain and bellowed, '",CRUCIO,!' Bellatrix screamed: the spell had knocked he,5 Order of the Phoenix,forbidden curse
193,"fountain on the other side when she screamed, '",CRUCIO,!' and he was forced to duck down again,5 Order of the Phoenix,forbidden curse
194,"tic little boy, can never hope to compete - ' '",STUPEFY,!' yelled Harry. He had edged right around to,5 Order of the Phoenix,attack
195,", POTTER, AND YOU WILL GIVE IT TO ME!",ACCIO,prophecy! ACCIO PROPHECY!' Harry laughed again,5 Order of the Phoenix,charm
196,YOU WILL GIVE IT TO ME! Accio prophecy!,ACCIO,PROPHECY!' Harry laughed again because he knew,5 Order of the Phoenix,charm
197,"have irked me too often, for too long.",AVADA KEDAVRA,!' Harry had not even opened his mouth,5 Order of the Phoenix,forbidden curse
198,". He pointed his wand at it and muttered, '",PORTUS,.' The head glowed blue and trembled noisily again,5 Order of the Phoenix,charm
199,"slowly, his wand raised and at the ready.\""",LUMOS,".\""Dumbledore's wand tip ignited, casting its ligh",6 Halfblood Prince,charm
200,"broken object it was so important to mend?\""",PETRIFICUS TOTALUS,"!\""Without warning, Malfoy pointed his wand at",6 Halfblood Prince,attack
201,"out of his hand, by saying the words \""",ACCIO,"Wand!\"" over and over again in his head,",6 Halfblood Prince,charm
202,"stayed stock-still and closed his eyes, \x93",EPISKEY,"\"" said Tonks.Harry\x92s nose felt very",6 Halfblood Prince,defensive
203,"the gates, he found them chained shut.\x93",ALOHOMORA,"!\"" he said confidently, pointing his wand at the",6 Halfblood Prince,charm
204,". \""Come here \x97\""She raised her wand, said \""",TERGEO,"!\"" and siphoned off the dried blood.\""Thanks,\"" s",6 Halfblood Prince,charm
205,"ought of nonverbal spells forgotten, he yelled, \""",PROTEGO,"!\""His Shield Charm was so strong Snape was",6 Halfblood Prince,defensive
206,"of his bag and raised her wand. \""Specialis",REVELIO,"!\"" she said, rapping it smartly on the front",6 Halfblood Prince,charm
207,", Ogden had lifted his own and said firmly, \""",REPARO,". \"" The pot mended itself instantly. Gaunt looked",6 Halfblood Prince,charm
208,". \""And we're supposed to be practicing that",AGUAMENTI,"Charm from Flitwick! Anyway, explain what? How ar",6 Halfblood Prince,charm
209,"then swapped the covers, tapped each, and said, \""",REPARO,"!\"" There sat the Prince's copy, disguised as",6 Halfblood Prince,charm
210,"Argus Filch); and, perhaps most useful of all,",MUFFLIATO,", a spell that filled the ears of anyone",6 Halfblood Prince,charm
211,talk at all if Harry had used the,MUFFLIATO,spell on anyone in the vicinity. Sitting up,6 Halfblood Prince,charm
212,"into a corner of the page, the scribble:",LEVICORPUS,(nvbl) While the wind and sleet pounded relentles,6 Halfblood Prince,charm
213,", he gave it an upward flick and said",LEVICORPUS,"! inside his head. \""Aaaaaaaargh!\"" There was a fl",6 Halfblood Prince,charm
214,"that this was the counter-jinx, Harry thought",LIBERACORPUS,! with all his might. There was another flash,6 Halfblood Prince,charm
215,"she had turned away again, \""should ve used",MUFFLIATO,", Harry.\"" \""No, we shouldn't!\"" said Hermione at",6 Halfblood Prince,charm
216,"pod, hit the bowl, and shattered it. \x91\""",REPARO,",\""' he said hastily, poking the pieces with his",6 Halfblood Prince,charm
217,"pointing his wand at Demelzas mouth, and saying \""",EPISKEY,".\"" \""And Ginny, don't call Ron a prat,",6 Halfblood Prince,defensive
218,"it, spells he invented. One of them was",LEVICORPUS,"\x97\"" \""Oh, that one had a great vogue",6 Halfblood Prince,charm
219,"nie Macmillan, however, was muttering, 'Specialis",REVELIO,"!' over his cauldron, which sounded impressive, so",6 Halfblood Prince,charm
220,"door of Madam Pomfrey's office and muttered, \""",MUFFLIATO,"!\"" so that she would not come running. Then",6 Halfblood Prince,charm
221,Pomfrey's office door to check that the,MUFFLIATO,spell was still working; there was no sign,6 Halfblood Prince,charm
222,"the broken scales with her wand and said, \""",REPARO,".\"" The girl did not say thank you, but",6 Halfblood Prince,charm
223,morning's Charms lesson (having first cast the,MUFFLIATO,spell upon those nearest them). They were both,6 Halfblood Prince,charm
224,"beside him; Harry threw himself sideways, thought",LEVICORPUS,"! and flicked his wand, but Malfoy blocked the",6 Halfblood Prince,charm
225,"lfoy, his face contorted, cried, \""Cruci \x97\"" \""",SECTUMSEMPRA,"!\"" bellowed Harry from the floor, waving his wand",6 Halfblood Prince,attack
226,", clearly stung. \""But you can't call that",SECTUMSEMPRA,"spell good, Ginny, look where it's landed",6 Halfblood Prince,attack
227,"flecks of cold salt spray hitting his face. \""",LUMOS,",\"" said Dumbledore, as he reached the boulder clo",6 Halfblood Prince,charm
228,"cleared his throat and said loudly, wand aloft, \""",ACCIO,"Horcrux!\"" With a noise like an explosion, someth",6 Halfblood Prince,charm
229,"wasn't poison, wake up, wake up \x97",RENNERVATE,"!\"" he cried, his wand pointing at Dumbledores che",6 Halfblood Prince,defensive
230,"a flash of red light but nothing happened. \""",RENNERVATE,"\x97 sir \x97 please \x97\"" Dumbledores eyelids f",6 Halfblood Prince,defensive
231,"ered the golden locket lying curled beneath it. \""",AGUAMENTI,"!\"" he shouted, jabbing the goblet with his wand.",6 Halfblood Prince,charm
232,"pant. \""But I had some \x97 wait \x97",AGUAMENTI,"!\"" said Harry again, pointing his wand at the",6 Halfblood Prince,charm
233,"reat, rattling breaths that sounded agoniz-ing. \""",AGUAMENTI,"\x97Aguamenti \x97AGUAMENTI!\"" The goblet filled",6 Halfblood Prince,charm
234,"breaths that sounded agoniz-ing. \""Aguamenti \x97",AGUAMENTI,"\x97AGUAMENTI!\"" The goblet filled and emptied on",6 Halfblood Prince,charm
235,"sounded agoniz-ing. \""Aguamenti \x97Aguamenti \x97",AGUAMENTI,"!\"" The goblet filled and emptied once more. And",6 Halfblood Prince,charm
236,"of the dead rising from the black water. \""",PETRIFICUS TOTALUS,"!\"" yelled Harry, struggling to cling to the",6 Halfblood Prince,attack
237,"railing waterlogged rags, sunken faces leering. \""",PETRIFICUS TOTALUS,"!\"" Harry bellowed again, backing away as he",6 Halfblood Prince,attack
238,"them crumpled, but more were coming toward him. \""",IMPEDIMENTA,"! Incarcerous!\"" A few of them stumbled, one or",6 Halfblood Prince,attack
239,"at the air with his wand, Harry yelled, \""",SECTUMSEMPRA,"! SECTUMSEMPRA!\"" But though gashes appeared in th",6 Halfblood Prince,attack
240,"air with his wand, Harry yelled, \""Sectumsempra!",SECTUMSEMPRA,"!\"" But though gashes appeared in their sodden rag",6 Halfblood Prince,attack
241,do it.' Harry raised his wand at once. ',ACCIO,Rosmerta's brooms.'A second later they heard,6 Halfblood Prince,charm
242,pen and somebody erupted through it and shouted: ',EXPELLIARMUS,!'Harry's body became instantly rigid and immobile,6 Halfblood Prince,defensive
243,. He could not understand how it had happened -,EXPELLIARMUS,"was not a Freezing Charm - Then, by the",6 Halfblood Prince,defensive
244,"a voice shouted, 'They've blocked the stairs -",REDUCTO,! REDUCTO!'Harry's heart leapt: so these four,6 Halfblood Prince,attack
245,"e shouted, 'They've blocked the stairs - Reducto!",REDUCTO,!'Harry's heart leapt: so these four had,6 Halfblood Prince,attack
246,his wand and pointed it directly at Dumbledore. ',AVADA KEDAVRA,!'A jet of green light shot from,6 Halfblood Prince,forbidden curse
247,"e tower top, was disappearing through the door. \""",PETRIFICUS TOTALUS,"!\"" The Death Eater buckled as though hit",6 Halfblood Prince,attack
248,"and mouth, hot greedy breath at his throat -\""",PETRIFICUS TOTALUS,"!\""Harry felt Fenrir collapse against him; with",6 Halfblood Prince,attack
249,"them: Amycus was giggling, enjoying the sport: \""",CRUCIO,"- Crucio - you can't dance forever, pretty-\"" \""I",6 Halfblood Prince,forbidden curse
250,"ycus was giggling, enjoying the sport: \""Crucio -",CRUCIO,"- you can't dance forever, pretty-\"" \""Impediment",6 Halfblood Prince,forbidden curse
251,"o - Crucio - you can't dance forever, pretty-\"" \""",IMPEDIMENTA,"!\"" yelled Harry.His jinx hit Amycus in the",6 Halfblood Prince,attack
252,"g his shortcut were closing in behind him. . . .\""",IMPEDIMENTA,"!\"" he yelled as he rolled over again, crouching",6 Halfblood Prince,attack
253,", took aim at Snape's back, and yelled, \""",STUPEFY,"!\""He missed; the jet of red light soared",6 Halfblood Prince,attack
254,"as the huge Death Eater behind him yelled, \""",INCENDIO,"!\"" Harry heard an explosive bang and a dancing",6 Halfblood Prince,charm
255,"out your house,\"" said Harry, \""the charm's '",AGUAMENTI," ...\""\""Knew it was summat like that,\"" mumbled H",6 Halfblood Prince,charm
256,"d a smoldering pink, flowery umbrella and said, \""",AGUAMENTI,"!\""A jet of water flew out of the",6 Halfblood Prince,charm
257,"wand arm, which felt like lead, and murmured \""",AGUAMENTI,"\"" too: Together, he and Hagrid poured water on",6 Halfblood Prince,charm
258,. Harry remembered how Snape had mended Malfoy's,SECTUMSEMPRA,"wounds so easily with his wand.\""Can't",6 Halfblood Prince,attack
259,- and then Snape - and Snape did it. The,AVADA KEDAVRA,".\"" Harry couldn't go on.Madam Pomfrey",6 Halfblood Prince,forbidden curse
260,"y let buy their products.\""\""We tried everything,",LUMOS,", Incendio,\"" said Ginny. \""Nothing would penetrat",6 Halfblood Prince,charm
261,"uy their products.\""\""We tried everything, Lumos,",INCENDIO,",\"" said Ginny. \""Nothing would penetrate the dark",6 Halfblood Prince,charm
262,", as she turned slowly away from him again.""",AVADA KEDAVRA,The flash of green light illuminated every,7 Deathly Hallows,forbidden curse
263,"idecar to avoid them. Wriggling around he cried,",STUPEFY,"!"" and a red bolt of light shot from",7 Deathly Hallows,attack
264,"his flowery pink umbrella.""Hagrid! No! Let me!""""",REPARO,"!""There was a deafening bang and the sidecar",7 Deathly Hallows,charm
265,"pointed his wand at the sidecar and shouted, """,WINGARDIUM LEVIOSA,"!""The sidecar rose like a cork, unsteerable",7 Deathly Hallows,charm
266,"the middle of the oncoming figures and yelled, """,IMPEDIMENTA,"!""The jinx hit the middle Death Eater in",7 Deathly Hallows,attack
267,"his wand at the falling sidecar, and yelled, """,CONFRINGO,"!""He knew a dreadful, gut-wrenching pang for",7 Deathly Hallows,charm
268,"of Stanley Shunpike \xA8C Stan \xA8C""",EXPELLIARMUS,"!"" Harry yelled.""That's him, it's him,",7 Deathly Hallows,defensive
269,"the bike for dear life. ""Hagrid \xA8C",ACCIO,"Hagrid!""The motorbike sped up, sucked towards the",7 Deathly Hallows,charm
270,died the same as if I'd used,AVADA KEDAVRA,! Expelliarmus saved me from Voldemort two years,7 Deathly Hallows,forbidden curse
271,same as if I'd used Avada Kedavra!,EXPELLIARMUS,"saved me from Voldemort two years ago,"" Harry",7 Deathly Hallows,defensive
272,8C would have expected you to attack back!,EXPELLIARMUS,"is a useful spell, Harry, but the Death",7 Deathly Hallows,defensive
273,"8C """"He lost his hood during the chase.",SECTUMSEMPRA,was always a specialty of Snape's. I,7 Deathly Hallows,attack
274,", he pointed it at the rag and said, """,TERGEO,".""The wand siphoned off most of the grease.",7 Deathly Hallows,charm
275,"out of the room onto the tiny landing.""",DESCENDO,","" muttered Ron, pointing his wand at the low",7 Deathly Hallows,charm
276,did a Summoning Charm. You know \xA8C,ACCIO,. And \xA8C they zoomed out of Dumbledore',7 Deathly Hallows,charm
277,"where he had left his glasses, and said, """,ACCIO,"Glasses!"" Although they were only around a foot",7 Deathly Hallows,charm
278,"wands raised, and heard both of them shout, """,PROTEGO,"!"", a cry that was echoed on all sides \",7 Deathly Hallows,defensive
279,"ad just been, as Harry, still invisible, yelled, """,STUPEFY,"!""The great blond Death Eater was hit in",7 Deathly Hallows,attack
280,"his hand as the Cloak slipped off him.""",PETRIFICUS TOTALUS,"!"" screamed Hermione from out of sight, and",7 Deathly Hallows,attack
281,"of her hair and trembling all over.""D-",DIFFINDO,","" she said, pointing her wand at Ron, who",7 Deathly Hallows,charm
282,"m so sorry, Ron, my hand's shaking!",DIFFINDO,"!""The severed ropes fell away. Ron got to",7 Deathly Hallows,charm
283,"her wand at Dolohov's forehead and said, """,OBLIVIATE,".""At once, Dolohov's eyes became unfocused and",7 Deathly Hallows,charm
284,"Hermione, and she raised her wand and said, """,HOMENUM REVELIO,".""Nothing happened.""Well, you've just had",7 Deathly Hallows,charm
285,"of the room. On the landing he whispered, """,LUMOS,","" and started to climb the stairs by wandlight.",7 Deathly Hallows,charm
286,"his jeans. She raised her wand and said, """,ACCIO,"Locket!""Nothing happened. Ron, who had been searc",7 Deathly Hallows,charm
287,"wand; Hermione, however, was too quick for him.""",EXPELLIARMUS,"!""Mundungus's wand soared into the air, and",7 Deathly Hallows,defensive
288,"to fix, so as an interim measure try",IMPERVIUS,"to protect his belongings \xA8C """"Say it",7 Deathly Hallows,charm
289,-carpeted corridors were as hushed as though the,MUFFLIATO,charm had been cast over the place.Her,7 Deathly Hallows,charm
290,"the room again, raised his wand, and murmured, """,ACCIO,"Locker.""Nothing happened, but he had not expected",7 Deathly Hallows,charm
291,making Hermione jump. He thought of casting the,MUFFLIATO,"charm upon Umbridge and Yaxley, but even murmurin",7 Deathly Hallows,charm
292,"cealed beneath the Invisibility Cloak, and said, """,STUPEFY,"!""There was a flash of red light; Umbridge",7 Deathly Hallows,attack
293,"to draw his own wand, but too late: """,STUPEFY,"!""Yaxley slid to the ground to lie curled",7 Deathly Hallows,attack
294,"grasped her chin and forced her face back.""",EXPECTO PATRONUM,"!""The silver stag soared from the tip",7 Deathly Hallows,defensive
295,", ""Well, I've had a change of heart.",DIFFINDO,"!"" Nothing happened. ""Hermione, how do I get rid",7 Deathly Hallows,charm
296,".""Hermione came running downstairs.""Let's see....",RELASHIO,"!""The chains clinked and withdrew into the arms",7 Deathly Hallows,charm
297,"can muster; do yours, Hermione.""""Expec \xA8C",EXPECTO PATRONUM,","" said Hermione. Nothing happened.""It's the",7 Deathly Hallows,defensive
298,"""Bit unfortunate, really... Come on Hermione....""""",EXPECTO PATRONUM,"!""A silver otter burst from the end",7 Deathly Hallows,defensive
299,"it into the depths of the magical bag.""",ACCIO,"Dittany!""A small brown bottle zoomed out of",7 Deathly Hallows,charm
300,"a heat haze upon their clearing.""Salvio Hexia...",PROTEGO,Totalum... Repello Muggletum... Muffliato... You,7 Deathly Hallows,defensive
301,Hexia... Protego Totalum... Repello Muggletum...,MUFFLIATO,"... You could get out the tent, Harry....""""Tent?""""",7 Deathly Hallows,charm
302,"Sneakoscope. It was not moving.""You cast the",MUFFLIATO,"charm over us, right?"" he whispered to Hermione.""",7 Deathly Hallows,charm
303,"Hermione.""I did everything,"" she whispered back, """,MUFFLIATO,", Muggle-Repelling and Disillusionment Charms, all",7 Deathly Hallows,charm
304,reckon it's too early in the season?,ACCIO,"Salmon!""There were several distinct splashes and",7 Deathly Hallows,charm
305,"fumbled with logs for the fire, he muttered """,TERGEO,": The dust vanished from the photographs, and he",7 Deathly Hallows,charm
306,and even that was swallowed by the darkness.,LUMOS,","" said Harry, and his wand ignited. He gave",7 Deathly Hallows,charm
307,"red the voice. ""Yesss... hold you... hold you...""""",ACCIO,"... Accio Wand...""But nothing happened and he need",7 Deathly Hallows,charm
308,"oice. ""Yesss... hold you... hold you...""""Accio...",ACCIO,"Wand...""But nothing happened and he needed his",7 Deathly Hallows,charm
309,"mione with him; as it struck, Hermione screamed, """,CONFRINGO,"!"" and her spell flew around the room, exploding",7 Deathly Hallows,attack
310,"s hand!... He laughed before casting the curse...""",AVADA KEDAVRA,"!""The green light filled the cramped hallway,",7 Deathly Hallows,forbidden curse
311,"small ones whining in the orphanage \xA8C""",AVADA KEDAVRA,"!""And then he broke. He was nothing,",7 Deathly Hallows,forbidden curse
312,"like this \xA8C""""Please, Hermione, try!""""R-",REPARO,".""The dangling half of the wand resealed itself.",7 Deathly Hallows,charm
313,"the wand resealed itself. Harry held it up.""",LUMOS,"!""The wand sparked feebly, then went out. Harry",7 Deathly Hallows,charm
314,", then went out. Harry pointed it at Hermione.""",EXPELLIARMUS,"!""Hermione's wand gave a little jerk, but",7 Deathly Hallows,defensive
315,". Now fear came: Her presence had meant safety.""",LUMOS,"!"" he whispered, and the wand-tip ignited.The",7 Deathly Hallows,charm
316,"the wand at the silvery shape and murmured, """,ACCIO,"Sword.""It did not stir. He had not",7 Deathly Hallows,charm
317,"he pointed Hermione's wand at the ice.""",DIFFINDO,".""It cracked with a sound like a bullet",7 Deathly Hallows,charm
318,"of Harry's hands and he reacted instinctively.""",PROTEGO,"!""The invisible shield erupted between Ron and Her",7 Deathly Hallows,defensive
319,"examine, and had decided was made of blackthorn.""*",ENGORGIO,"*""The spider gave a little shiver, bouncing slight",7 Deathly Hallows,charm
320,"this?""""I swear...I swear...Potter's upstairs!""""",HOMENUM REVELIO,"."" said the voice at the foot of",7 Deathly Hallows,charm
321,"face appeared over the top of the sideboard.""",OBLIVIATE,"!"" cried Hermione, pointing her want first into hi",7 Deathly Hallows,charm
322,"in a circle around them, waving her wand.""",PROTEGO,"Totalum...Salvio Hexia...""""That treacherous old b",7 Deathly Hallows,defensive
323,"d'you think you're playing at, woman?""""",STUPEFY,"!"" she screamed, ""Stupefy!""They were no match for",7 Deathly Hallows,attack
324,"u're playing at, woman?""""Stupefy!"" she screamed, """,STUPEFY,"!""They were no match for her, even thought",7 Deathly Hallows,attack
325,"else did you take, what else? ANSWER ME!",CRUCIO,"!""Hermione's screams echoed off the walls upstairs",7 Deathly Hallows,forbidden curse
326,"it was no use. Pettigrew was turning blue.""",RELASHIO,"!"" said Ron, pointing the wand at the silver",7 Deathly Hallows,charm
327,"her wand to face Ron instead \xA8C""",EXPELLIARMUS,"!"" he roared, pointing Wormtail's wand at Bellatri",7 Deathly Hallows,defensive
328,"Draco and Greyback wheeled about; Harry yelled, """,STUPEFY,"!"" and Lucius Malfoy collapsed onto the hearth. Je",7 Deathly Hallows,attack
329,", pointed all of them at Greyback, and yelled, """,STUPEFY,"!"" The werewolf was lifted off his feet by",7 Deathly Hallows,attack
330,"each of the guards in turn and murmured, """,CONFUNDO,"twice. Unnoticed by Travers, who was looking thr",7 Deathly Hallows,charm
331,"whispered, for the first time in his life,",IMPERIO,"!""A curious sensation shot down Harry's arm,",7 Deathly Hallows,forbidden curse
332,"king. Pointing his wand at Travers, he muttered, """,IMPERIO,"!"" once more.""Oh yes, I see,"" said Travers,",7 Deathly Hallows,forbidden curse
333,"the wizard.""Harry pointed his wand at Travers.""",IMPERIO,"!""The wizard turned and set off along the",7 Deathly Hallows,forbidden curse
334,"Gringott's goblin. And we need the clankers!""""",IMPERIO,"!"" Harry said again; his voice echoed through the",7 Deathly Hallows,forbidden curse
335,"Bellatrix's wand at the waterfall and cried, """,PROTEGO,"!"" They saw the Shield Charm break the flow",7 Deathly Hallows,defensive
336,"t you? And hurry, we have little time!""""",LUMOS,"!""Harry shone his lit wand around the vault:",7 Deathly Hallows,charm
337,"t up there without touching anything?"" asked Ron.""",ACCIO,"Cup!"" cried Hermione, who had evidently forgotten",7 Deathly Hallows,charm
338,"her wand, pointed it at Harry, and whispered, """,LEVICORPUS,".""Hoisted into the air by his ankle, Harry",7 Deathly Hallows,charm
339,"Hufflepuff's cup, hooking it onto the blade.""",IMPERVIUS,"!"" screeched Hermione in an attempt to protect her",7 Deathly Hallows,charm
340,"knew that the only way out was through.""",STUPEFY,"!"" he bellowed, and Ron and Hermione joined in:",7 Deathly Hallows,attack
341,"chaining the beast to the floor, he yelled, """,RELASHIO,"!""The cuffs broken open with loud bangs.""This",7 Deathly Hallows,charm
342,"pped, still echoing around the distant mountains.""",ACCIO,"Cloak!"" roared one of the Death Eaters Harry",7 Deathly Hallows,charm
343,"and Hermione that he thought as he whispered """,EXPECTO PATRONUM,"!""The silver stag burst from his wand",7 Deathly Hallows,defensive
344,"out a wand. ""Stag! You idiot \xA8C",EXPECTO PATRONUM,"!""Something huge and horned erupted from the",7 Deathly Hallows,defensive
345,"done that.""As Amycus spun around, Harry shouted, """,CRUCIO,"!""The Death Eater was lifted off his feet.",7 Deathly Hallows,forbidden curse
346,"wand at the groggy Death Eater, and said, """,IMPERIO,".""Amycus got up, walked over to his sister,",7 Deathly Hallows,forbidden curse
347,"and robes and unidentifiable junk, and shouted, """,DESCENDO,"!""The wall began to totter, then the top",7 Deathly Hallows,charm
348,". ""What's going on \xA8C no, Potter!",CRUCIO,"!""Harry had lunged for the tiara; Crabbe's",7 Deathly Hallows,forbidden curse
349,"out of the way.""It's that Mudblood!",AVADA KEDAVRA,"!""Harry saw Hermione dive aside, and his",7 Deathly Hallows,forbidden curse
350,"split second's hesitation was all Harry needed.""",EXPELLIARMUS,"!""Goyle's wand flew out of his hand",7 Deathly Hallows,defensive
351,"rowly missed.Crabbe wheeled around and screamed, """,AVADA KEDAVRA,"!"" again. Ron leapt out of sight to",7 Deathly Hallows,forbidden curse
352,", which were crumbling to soot at their touch.""",AGUAMENTI,"!"" Harry bawled, but the jet of water that",7 Deathly Hallows,charm
353,"difficulty he dragged it over himself, murmured, """,NOX,","" extinguishing his wandlight, and continued on h",7 Deathly Hallows,charm
354,"the boy, after all?""""For him?"" shouted Snape. """,EXPECTO PATRONUM,"!""From the tip of his wand burst",7 Deathly Hallows,defensive
355,"wand, pointing it directly at Lupin's back.""",SECTUMSEMPRA,"!"" shouted Snape.But the spell, intended for the",7 Deathly Hallows,attack
356,"Draco's wand beneath the Cloak, and murmured, """,LUMOS,".""The black stone with is jagged crack running",7 Deathly Hallows,charm
357,no man alive can threaten me now! Watch!,CRUCIO,"!""Harry had been expecting it, knew his body",7 Deathly Hallows,forbidden curse
358,"his wand and directed it at Molly Weasley.""",PROTEGO,"!"" roared Harry, and the Shield Charm expanded in",7 Deathly Hallows,defensive
359,"hope to the heavens, pointing Draco's wand:""",AVADA KEDAVRA,"!""""Expelliarmus!""The bang was like a cannon",7 Deathly Hallows,forbidden curse
360,"e heavens, pointing Draco's wand:""Avada Kedavra!""""",EXPELLIARMUS,"!""The bang was like a cannon blast, and",7 Deathly Hallows,defensive
361,"very tip of the Elder Wand, and said, """,REPARO,".""As his wand resealed, red sparks flew out",7 Deathly Hallows,charm